{
    "data": [
        {
            "title": "All",
            "src": "http://inwiter.com/usermedia/designs/backgrounds/BG14.jpg",
            "selected": 0
        },
        {
            "title": "All",
            "src": "http://inwiter.com/usermedia/designs/backgrounds/BG1i.jpg",
            "selected": 0
        },
        {
            "title": "All",
            "src": "http://inwiter.com/usermedia/designs/backgrounds/BG2.jpg",
            "selected": 0
        }
    ],
    "status": "success"
}