[
    {
        "id": "newyear",
        "position" : 15,
        "name": "New year",
        "value": "New year",
        "selected": "false",
        "date": "NULL",
        "musictrack":"http://localhost/usermedia/audios/HolidayGathering30.mp4",
        "titlecard":"",
        "icon": "",
        "colorcode": ""
    },
    {
        "id": "Christmas",
        "position" : 16,
        "name": "Christmas",
        "value": "Christmas",
        "selected": "false",
        "date": "NULL",
        "musictrack":"http://localhost/usermedia/audios/we_wish_you_a_merry_christmas_verse_c.mp4",
        "titlecard":"http://localhost/usermedia/designs/titlecards/invitations/christmas/christmas-5.jpg",
        "icon": "",
        "colorcode": ""
    },
    {
        "id": "birthdayher",
        "position" : 1,
        "name": "Birth day for her",
        "value": "Birth day for her",
        "selected": "false",
        "date": "NULL",
        "musictrack":"http://localhost/usermedia/audios/Flying_High_(Guitar_version).mp4",
        "titlecard":"http://localhost/usermedia/designs/titlecards/invitations/birthday/birthday-11.jpg",
        "icon": "",
        "colorcode": ""
    },
    {
        "id": "birthdayhim",
        "position" : 2,
        "name": "Birth day for him",
        "value": "Birth day for him",
        "selected": "false",
        "date": "NULL",
        "musictrack":"http://localhost/usermedia/audios/Flying_High_(Guitar_version).mp4",
        "titlecard":"http://localhost/usermedia/designs/titlecards/invitations/birthday/birthday-11.jpg",
        "icon": "",
        "colorcode": ""
    },
    {
        "id": "babyshower",
        "position" : 3,
        "name": "Baby Shower",
        "value": "Baby Shower",
        "selected": "false",
        "date": "NULL",
        "musictrack":"http://localhost/usermedia/audios/everything_will_be_ok_(60-secs_version).mp4",
        "titlecard":"http://localhost/usermedia/designs/titlecards/invitations/babyshower/babyshower-4.jpg",
        "icon": "",
        "colorcode": ""
    },
    {
        "id": "graduation",
        "position" : 4,
        "name": "Graduation",
        "value": "Graduation",
        "selected": "false",
        "date": "NULL",
        "musictrack":"http://localhost/usermedia/audios/12Mornings.mp4",
        "titlecard":"http://localhost/usermedia/designs/titlecards/invitations/graduation/graduation-2.jpg",
        "icon": "",
        "colorcode": "#000000"
    },
    {
        "id": "anniversary",
        "position" : 5,
        "name": "Anniversary",
        "value": "Anniversary",
        "selected": "false",
        "date": "NULL",
        "musictrack":"http://localhost/usermedia/audios/To_The_Heart_(60_secs_version).mp4",
        "titlecard":"http://localhost/usermedia/designs/titlecards/invitations/anniversary/anniversary-2.jpg",
        "icon": "",
        "colorcode": ""
    },
    {
        "id": "housewarming",
        "position" : 6,
        "name": "Housewarming",
        "value": "Housewarming",
        "selected": "false",
        "date": "NULL",
        "musictrack":"http://localhost/usermedia/audios/BigCarTheft.mp4",
        "titlecard":"http://localhost/usermedia/designs/titlecards/invitations/housewarming/housewarming-4.jpg",
        "icon": "",
        "colorcode": ""
    },
    {
        "id": "wedding",
        "position" : 7,
        "name": "Wedding",
        "value": "Wedding",
        "selected": "false",
        "date": "NULL",
        "musictrack":"http://localhost/usermedia/audios/Wedding_March-Mendelssohn.mp4",
        "titlecard":"http://localhost/usermedia/designs/titlecards/invitations/wedding/wedding-2.jpg",
        "icon": "",
        "colorcode": ""
    },
    {
        "id": "gamenight",
        "position" : 8,
        "name": "Game Night",
        "value": "Game Night",
        "selected": "false",
        "date": "NULL",
        "musictrack":"http://localhost/usermedia/audios/FunkyJunky.mp4",
        "titlecard":"http://localhost/usermedia/designs/titlecards/invitations/gamenight/gamenight-4.jpg",
        "icon": "",
        "colorcode": ""
    },
    {
        "id": "happyhour",
        "position" : 10,
        "name": "Happy Hour",
        "value": "Happy Hour",
        "selected": "false",
        "date": "NULL",
        "musictrack":"http://localhost/usermedia/audios/fun_theme_(loop_02).mp4",
        "titlecard":"http://localhost/usermedia/designs/titlecards/invitations/happyhour/happyhour-4.jpg",
        "icon": "",
        "colorcode": ""
    },
    {
        "id": "poolparty",
        "position" : 11,
        "name": "Pool Party",
        "value": "Pool Party",
        "selected": "false",
        "date": "NULL",
        "musictrack":"http://localhost/usermedia/audios/Pioneers.mp4",
        "titlecard":"http://localhost/usermedia/designs/titlecards/invitations/poolparty/poolparty-4.jpg",
        "icon": "",
        "colorcode": ""
    },
    {
        "id": "other",
        "position" : 14,
        "name": "Other",
        "value": "Other",
        "selected": "false",
        "date": "NULL",
        "musictrack":"http://localhost/usermedia/audios/party_time_.mp4",
        "titlecard":"http://localhost/usermedia/designs/titlecards/invitations/birthday/birthday-8.jpg",
        "icon": "",
        "colorcode": ""
    }

]