{
    "data": [
        {
            "title": "All",
            "src": "http://inwiter.com/images/background1.png",
            "type": "default",
            "selected": true
        },
        {
            "title": "All",
            "src": "http://inwiter.com/usermedia/designs/backgrounds/BG1i.jpg",
            "type": "design",
            "selected": false
        },
        {
            "title": "All",
            "src": "http://inwiter.com/usermedia/designs/backgrounds/BG2.jpg",
            "type": "design",
            "selected": false
        },
        {
            "title": "All",
            "src": "http://inwiter.com/usermedia/designs/backgrounds/BG3.jpg",
            "type": "design",
            "selected": false
        },
        {
            "title": "All",
            "src": "http://inwiter.com/usermedia/designs/backgrounds/BG4.jpg",
            "type": "design",
            "selected": false
        },
        {
            "title": "All",
            "src": "http://inwiter.com/usermedia/designs/backgrounds/BG5.jpg",
            "type": "design",
            "selected": false
        },
        {
            "title": "All",
            "src": "http://inwiter.com/usermedia/designs/backgrounds/BG6.jpg",
            "type": "design",
            "selected": false
        },
        {
            "title": "All",
            "src": "http://inwiter.com/usermedia/designs/backgrounds/BG7.jpg",
            "type": "design",
            "selected": false
        },
        {
            "title": "All",
            "src": "http://inwiter.com/usermedia/designs/backgrounds/BG9.jpg",
            "type": "design",
            "selected": false
        },
        {
            "title": "Baby Shower",
            "src": "http://inwiter.com/usermedia/designs/backgrounds/Baby Shower/BAby Shower Background-1.jpg",
            "type": "design",
            "selected": false
        },
        {
            "title": "Baby Shower",
            "src": "http://inwiter.com/usermedia/designs/backgrounds/Baby Shower/BAby Shower Background-2.jpg",
            "type": "design",
            "selected": false
        },
        {
            "title": "Baby Shower",
            "src": "http://inwiter.com/usermedia/designs/backgrounds/Baby Shower/BAby Shower Background-3.jpg",
            "type": "design",
            "selected": false
        }
    ],
    "status": "success"
}